"id","chosen"
11250741921,"Narcotics/opioids (e.g. Percocet, Vicodin, Codeine)"
11250243595,"Narcotics/opioids (e.g. Percocet, Vicodin, Codeine)"
11241395977,"Narcotics/opioids (e.g. Percocet, Vicodin, Codeine)"
11236750096,"Narcotics/opioids (e.g. Percocet, Vicodin, Codeine)"
11226611149,"Narcotics/opioids (e.g. Percocet, Vicodin, Codeine)"
11212618775,"Narcotics/opioids (e.g. Percocet, Vicodin, Codeine)"
11211717848,"Narcotics/opioids (e.g. Percocet, Vicodin, Codeine)"
11208627585,"Narcotics/opioids (e.g. Percocet, Vicodin, Codeine)"
11179999382,"Narcotics/opioids (e.g. Percocet, Vicodin, Codeine)"
11166893092,"Narcotics/opioids (e.g. Percocet, Vicodin, Codeine)"
11166535497,"Narcotics/opioids (e.g. Percocet, Vicodin, Codeine)"
11161813510,"Narcotics/opioids (e.g. Percocet, Vicodin, Codeine)"
11156698544,"Narcotics/opioids (e.g. Percocet, Vicodin, Codeine)"
11135570279,"Narcotics/opioids (e.g. Percocet, Vicodin, Codeine)"
11135380294,"Narcotics/opioids (e.g. Percocet, Vicodin, Codeine)"
11135054557,"Narcotics/opioids (e.g. Percocet, Vicodin, Codeine)"
11134647286,"Narcotics/opioids (e.g. Percocet, Vicodin, Codeine)"
11134549629,"Narcotics/opioids (e.g. Percocet, Vicodin, Codeine)"
11134536706,"Narcotics/opioids (e.g. Percocet, Vicodin, Codeine)"
11134508380,"Narcotics/opioids (e.g. Percocet, Vicodin, Codeine)"
11102541656,"Narcotics/opioids (e.g. Percocet, Vicodin, Codeine)"
11100035804,"Narcotics/opioids (e.g. Percocet, Vicodin, Codeine)"
11062634752,"Narcotics/opioids (e.g. Percocet, Vicodin, Codeine)"
11030978965,"Narcotics/opioids (e.g. Percocet, Vicodin, Codeine)"
10985275093,"Narcotics/opioids (e.g. Percocet, Vicodin, Codeine)"
10893671348,"Narcotics/opioids (e.g. Percocet, Vicodin, Codeine)"
10893153651,"Narcotics/opioids (e.g. Percocet, Vicodin, Codeine)"
10892827041,"Narcotics/opioids (e.g. Percocet, Vicodin, Codeine)"
10887410730,"Narcotics/opioids (e.g. Percocet, Vicodin, Codeine)"
10880715177,"Narcotics/opioids (e.g. Percocet, Vicodin, Codeine)"
10877194985,"Narcotics/opioids (e.g. Percocet, Vicodin, Codeine)"
10876100377,"Narcotics/opioids (e.g. Percocet, Vicodin, Codeine)"
10876001530,"Narcotics/opioids (e.g. Percocet, Vicodin, Codeine)"
10875700450,"Narcotics/opioids (e.g. Percocet, Vicodin, Codeine)"
10875529110,"Narcotics/opioids (e.g. Percocet, Vicodin, Codeine)"
10875526461,"Narcotics/opioids (e.g. Percocet, Vicodin, Codeine)"
10875503972,"Narcotics/opioids (e.g. Percocet, Vicodin, Codeine)"
10870148985,"Narcotics/opioids (e.g. Percocet, Vicodin, Codeine)"
10867812743,"Narcotics/opioids (e.g. Percocet, Vicodin, Codeine)"
10861388917,"Narcotics/opioids (e.g. Percocet, Vicodin, Codeine)"
10860535252,"Narcotics/opioids (e.g. Percocet, Vicodin, Codeine)"
10859949104,"Narcotics/opioids (e.g. Percocet, Vicodin, Codeine)"
10858082192,"Narcotics/opioids (e.g. Percocet, Vicodin, Codeine)"
10857725293,"Narcotics/opioids (e.g. Percocet, Vicodin, Codeine)"
10851333216,"Narcotics/opioids (e.g. Percocet, Vicodin, Codeine)"
10848597634,"Narcotics/opioids (e.g. Percocet, Vicodin, Codeine)"
10847737322,"Narcotics/opioids (e.g. Percocet, Vicodin, Codeine)"
10847312529,"Narcotics/opioids (e.g. Percocet, Vicodin, Codeine)"
10847305299,"Narcotics/opioids (e.g. Percocet, Vicodin, Codeine)"
10847199598,"Narcotics/opioids (e.g. Percocet, Vicodin, Codeine)"
10847042681,"Narcotics/opioids (e.g. Percocet, Vicodin, Codeine)"
10847009623,"Narcotics/opioids (e.g. Percocet, Vicodin, Codeine)"
10846997868,"Narcotics/opioids (e.g. Percocet, Vicodin, Codeine)"
10844291789,"Narcotics/opioids (e.g. Percocet, Vicodin, Codeine)"
10843816117,"Narcotics/opioids (e.g. Percocet, Vicodin, Codeine)"
10843815732,"Narcotics/opioids (e.g. Percocet, Vicodin, Codeine)"
10843810346,"Narcotics/opioids (e.g. Percocet, Vicodin, Codeine)"
10839396047,"Narcotics/opioids (e.g. Percocet, Vicodin, Codeine)"
10836154511,"Narcotics/opioids (e.g. Percocet, Vicodin, Codeine)"
10834663571,"Narcotics/opioids (e.g. Percocet, Vicodin, Codeine)"
10833972658,"Narcotics/opioids (e.g. Percocet, Vicodin, Codeine)"
10832483530,"Narcotics/opioids (e.g. Percocet, Vicodin, Codeine)"
10832233395,"Narcotics/opioids (e.g. Percocet, Vicodin, Codeine)"
10832200410,"Narcotics/opioids (e.g. Percocet, Vicodin, Codeine)"
10832133946,"Narcotics/opioids (e.g. Percocet, Vicodin, Codeine)"
10831397885,"Narcotics/opioids (e.g. Percocet, Vicodin, Codeine)"
10802360410,"Narcotics/opioids (e.g. Percocet, Vicodin, Codeine)"
10758753382,"Narcotics/opioids (e.g. Percocet, Vicodin, Codeine)"
10706606981,"Narcotics/opioids (e.g. Percocet, Vicodin, Codeine)"
10688508584,"Narcotics/opioids (e.g. Percocet, Vicodin, Codeine)"
10686863888,"Narcotics/opioids (e.g. Percocet, Vicodin, Codeine)"
10682649508,"Narcotics/opioids (e.g. Percocet, Vicodin, Codeine)"
10676786628,"Narcotics/opioids (e.g. Percocet, Vicodin, Codeine)"
10668597062,"Narcotics/opioids (e.g. Percocet, Vicodin, Codeine)"
10668361624,"Narcotics/opioids (e.g. Percocet, Vicodin, Codeine)"
10667907917,"Narcotics/opioids (e.g. Percocet, Vicodin, Codeine)"
10658649988,"Narcotics/opioids (e.g. Percocet, Vicodin, Codeine)"
10624147163,"Narcotics/opioids (e.g. Percocet, Vicodin, Codeine)"
10604065323,"Narcotics/opioids (e.g. Percocet, Vicodin, Codeine)"
10602936383,"Narcotics/opioids (e.g. Percocet, Vicodin, Codeine)"
10597419828,"Narcotics/opioids (e.g. Percocet, Vicodin, Codeine)"
10595615049,"Narcotics/opioids (e.g. Percocet, Vicodin, Codeine)"
10585520406,"Narcotics/opioids (e.g. Percocet, Vicodin, Codeine)"
10581940017,"Narcotics/opioids (e.g. Percocet, Vicodin, Codeine)"
10578271769,"Narcotics/opioids (e.g. Percocet, Vicodin, Codeine)"
10576876213,"Narcotics/opioids (e.g. Percocet, Vicodin, Codeine)"
10575849400,"Narcotics/opioids (e.g. Percocet, Vicodin, Codeine)"
10575282159,"Narcotics/opioids (e.g. Percocet, Vicodin, Codeine)"
10568865766,"Narcotics/opioids (e.g. Percocet, Vicodin, Codeine)"
10566297731,"Narcotics/opioids (e.g. Percocet, Vicodin, Codeine)"
10581017097,"Narcotics/opioids (e.g. Percocet, Vicodin, Codeine)"
10574111964,"Narcotics/opioids (e.g. Percocet, Vicodin, Codeine)"
11212805644,"Narcotics/opioids (e.g. Percocet, Vicodin, Codeine)"
10977935510,"Narcotics/opioids (e.g. Percocet, Vicodin, Codeine)"
10956719648,"Narcotics/opioids (e.g. Percocet, Vicodin, Codeine)"
10632389881,"Narcotics/opioids (e.g. Percocet, Vicodin, Codeine)"
10598807297,"Narcotics/opioids (e.g. Percocet, Vicodin, Codeine)"
10579551441,"Narcotics/opioids (e.g. Percocet, Vicodin, Codeine)"
11241395977,"Benzodiazepines (e.g valium, Xanax, Klonopin, Ativan)"
11239041530,"Benzodiazepines (e.g valium, Xanax, Klonopin, Ativan)"
11236750096,"Benzodiazepines (e.g valium, Xanax, Klonopin, Ativan)"
11222559871,"Benzodiazepines (e.g valium, Xanax, Klonopin, Ativan)"
11211717848,"Benzodiazepines (e.g valium, Xanax, Klonopin, Ativan)"
11208627585,"Benzodiazepines (e.g valium, Xanax, Klonopin, Ativan)"
11183903124,"Benzodiazepines (e.g valium, Xanax, Klonopin, Ativan)"
11179999382,"Benzodiazepines (e.g valium, Xanax, Klonopin, Ativan)"
11161813510,"Benzodiazepines (e.g valium, Xanax, Klonopin, Ativan)"
11135570279,"Benzodiazepines (e.g valium, Xanax, Klonopin, Ativan)"
11134799419,"Benzodiazepines (e.g valium, Xanax, Klonopin, Ativan)"
11134549629,"Benzodiazepines (e.g valium, Xanax, Klonopin, Ativan)"
11134504342,"Benzodiazepines (e.g valium, Xanax, Klonopin, Ativan)"
11034650778,"Benzodiazepines (e.g valium, Xanax, Klonopin, Ativan)"
11023090140,"Benzodiazepines (e.g valium, Xanax, Klonopin, Ativan)"
10985275093,"Benzodiazepines (e.g valium, Xanax, Klonopin, Ativan)"
10894995749,"Benzodiazepines (e.g valium, Xanax, Klonopin, Ativan)"
10893671348,"Benzodiazepines (e.g valium, Xanax, Klonopin, Ativan)"
10893153651,"Benzodiazepines (e.g valium, Xanax, Klonopin, Ativan)"
10887363314,"Benzodiazepines (e.g valium, Xanax, Klonopin, Ativan)"
10879268147,"Benzodiazepines (e.g valium, Xanax, Klonopin, Ativan)"
10879062209,"Benzodiazepines (e.g valium, Xanax, Klonopin, Ativan)"
10876510380,"Benzodiazepines (e.g valium, Xanax, Klonopin, Ativan)"
10876001530,"Benzodiazepines (e.g valium, Xanax, Klonopin, Ativan)"
10875562577,"Benzodiazepines (e.g valium, Xanax, Klonopin, Ativan)"
10875462742,"Benzodiazepines (e.g valium, Xanax, Klonopin, Ativan)"
10856302482,"Benzodiazepines (e.g valium, Xanax, Klonopin, Ativan)"
10848029491,"Benzodiazepines (e.g valium, Xanax, Klonopin, Ativan)"
10847964940,"Benzodiazepines (e.g valium, Xanax, Klonopin, Ativan)"
10847312529,"Benzodiazepines (e.g valium, Xanax, Klonopin, Ativan)"
10847253946,"Benzodiazepines (e.g valium, Xanax, Klonopin, Ativan)"
10847151018,"Benzodiazepines (e.g valium, Xanax, Klonopin, Ativan)"
10847076490,"Benzodiazepines (e.g valium, Xanax, Klonopin, Ativan)"
10844291789,"Benzodiazepines (e.g valium, Xanax, Klonopin, Ativan)"
10843816117,"Benzodiazepines (e.g valium, Xanax, Klonopin, Ativan)"
10843810346,"Benzodiazepines (e.g valium, Xanax, Klonopin, Ativan)"
10843797483,"Benzodiazepines (e.g valium, Xanax, Klonopin, Ativan)"
10840899449,"Benzodiazepines (e.g valium, Xanax, Klonopin, Ativan)"
10839396047,"Benzodiazepines (e.g valium, Xanax, Klonopin, Ativan)"
10832133946,"Benzodiazepines (e.g valium, Xanax, Klonopin, Ativan)"
10831865696,"Benzodiazepines (e.g valium, Xanax, Klonopin, Ativan)"
10831669468,"Benzodiazepines (e.g valium, Xanax, Klonopin, Ativan)"
10831397885,"Benzodiazepines (e.g valium, Xanax, Klonopin, Ativan)"
10822544735,"Benzodiazepines (e.g valium, Xanax, Klonopin, Ativan)"
10758753382,"Benzodiazepines (e.g valium, Xanax, Klonopin, Ativan)"
10756966241,"Benzodiazepines (e.g valium, Xanax, Klonopin, Ativan)"
10688508584,"Benzodiazepines (e.g valium, Xanax, Klonopin, Ativan)"
10686863888,"Benzodiazepines (e.g valium, Xanax, Klonopin, Ativan)"
10676786628,"Benzodiazepines (e.g valium, Xanax, Klonopin, Ativan)"
10669140575,"Benzodiazepines (e.g valium, Xanax, Klonopin, Ativan)"
10668597062,"Benzodiazepines (e.g valium, Xanax, Klonopin, Ativan)"
10668361624,"Benzodiazepines (e.g valium, Xanax, Klonopin, Ativan)"
10667582585,"Benzodiazepines (e.g valium, Xanax, Klonopin, Ativan)"
10667384979,"Benzodiazepines (e.g valium, Xanax, Klonopin, Ativan)"
10667384024,"Benzodiazepines (e.g valium, Xanax, Klonopin, Ativan)"
10667369837,"Benzodiazepines (e.g valium, Xanax, Klonopin, Ativan)"
10658936778,"Benzodiazepines (e.g valium, Xanax, Klonopin, Ativan)"
10658577550,"Benzodiazepines (e.g valium, Xanax, Klonopin, Ativan)"
10658550964,"Benzodiazepines (e.g valium, Xanax, Klonopin, Ativan)"
10596255014,"Benzodiazepines (e.g valium, Xanax, Klonopin, Ativan)"
10585520406,"Benzodiazepines (e.g valium, Xanax, Klonopin, Ativan)"
10583893598,"Benzodiazepines (e.g valium, Xanax, Klonopin, Ativan)"
10580913646,"Benzodiazepines (e.g valium, Xanax, Klonopin, Ativan)"
10577144137,"Benzodiazepines (e.g valium, Xanax, Klonopin, Ativan)"
10576876213,"Benzodiazepines (e.g valium, Xanax, Klonopin, Ativan)"
10574898510,"Benzodiazepines (e.g valium, Xanax, Klonopin, Ativan)"
10566297731,"Benzodiazepines (e.g valium, Xanax, Klonopin, Ativan)"
10767176517,"Benzodiazepines (e.g valium, Xanax, Klonopin, Ativan)"
10758288741,"Benzodiazepines (e.g valium, Xanax, Klonopin, Ativan)"
10581017097,"Benzodiazepines (e.g valium, Xanax, Klonopin, Ativan)"
10569513731,"Benzodiazepines (e.g valium, Xanax, Klonopin, Ativan)"
11186271761,"Benzodiazepines (e.g valium, Xanax, Klonopin, Ativan)"
11170278059,"Benzodiazepines (e.g valium, Xanax, Klonopin, Ativan)"
10977935510,"Benzodiazepines (e.g valium, Xanax, Klonopin, Ativan)"
10632499407,"Benzodiazepines (e.g valium, Xanax, Klonopin, Ativan)"
10632389881,"Benzodiazepines (e.g valium, Xanax, Klonopin, Ativan)"
10600284760,"Benzodiazepines (e.g valium, Xanax, Klonopin, Ativan)"
10598807297,"Benzodiazepines (e.g valium, Xanax, Klonopin, Ativan)"
10579439505,"Benzodiazepines (e.g valium, Xanax, Klonopin, Ativan)"
11250528880,"Stimulants (e.g. Adderall, Vyvanse, Concerta, Ritalin)"
11239200945,"Stimulants (e.g. Adderall, Vyvanse, Concerta, Ritalin)"
11239041530,"Stimulants (e.g. Adderall, Vyvanse, Concerta, Ritalin)"
11222559871,"Stimulants (e.g. Adderall, Vyvanse, Concerta, Ritalin)"
11211717848,"Stimulants (e.g. Adderall, Vyvanse, Concerta, Ritalin)"
11091792560,"Stimulants (e.g. Adderall, Vyvanse, Concerta, Ritalin)"
11030978965,"Stimulants (e.g. Adderall, Vyvanse, Concerta, Ritalin)"
10952093942,"Stimulants (e.g. Adderall, Vyvanse, Concerta, Ritalin)"
10893671348,"Stimulants (e.g. Adderall, Vyvanse, Concerta, Ritalin)"
10893153651,"Stimulants (e.g. Adderall, Vyvanse, Concerta, Ritalin)"
10879268147,"Stimulants (e.g. Adderall, Vyvanse, Concerta, Ritalin)"
10875529110,"Stimulants (e.g. Adderall, Vyvanse, Concerta, Ritalin)"
10848029491,"Stimulants (e.g. Adderall, Vyvanse, Concerta, Ritalin)"
10847253946,"Stimulants (e.g. Adderall, Vyvanse, Concerta, Ritalin)"
10676786628,"Stimulants (e.g. Adderall, Vyvanse, Concerta, Ritalin)"
10667369837,"Stimulants (e.g. Adderall, Vyvanse, Concerta, Ritalin)"
10585520406,"Stimulants (e.g. Adderall, Vyvanse, Concerta, Ritalin)"
10577144137,"Stimulants (e.g. Adderall, Vyvanse, Concerta, Ritalin)"
10576876213,"Stimulants (e.g. Adderall, Vyvanse, Concerta, Ritalin)"
10566881623,"Stimulants (e.g. Adderall, Vyvanse, Concerta, Ritalin)"
10566297731,"Stimulants (e.g. Adderall, Vyvanse, Concerta, Ritalin)"
11186271761,"Stimulants (e.g. Adderall, Vyvanse, Concerta, Ritalin)"
10632499407,"Stimulants (e.g. Adderall, Vyvanse, Concerta, Ritalin)"
10632389881,"Stimulants (e.g. Adderall, Vyvanse, Concerta, Ritalin)"
11226611149,"Barbiturates (e.g. Floricet)"
11211717848,"Barbiturates (e.g. Floricet)"
11208627585,"Barbiturates (e.g. Floricet)"
11135570279,"Barbiturates (e.g. Floricet)"
11062634752,"Barbiturates (e.g. Floricet)"
10893153651,"Barbiturates (e.g. Floricet)"
10847009623,"Barbiturates (e.g. Floricet)"
10661330404,"Barbiturates (e.g. Floricet)"
10767176517,"Barbiturates (e.g. Floricet)"
11241395977,"Hormone replacement therapy (HRT)"
10685524216,"Hormone replacement therapy (HRT)"
11186271761,"Hormone replacement therapy (HRT)"
11250741921,"Antidepressants (eg. Lexapro, Prozac, Wellbutrin, Effexor, Nortriptyline)"
11250528880,"Antidepressants (eg. Lexapro, Prozac, Wellbutrin, Effexor, Nortriptyline)"
11249421052,"Antidepressants (eg. Lexapro, Prozac, Wellbutrin, Effexor, Nortriptyline)"
11248704898,"Antidepressants (eg. Lexapro, Prozac, Wellbutrin, Effexor, Nortriptyline)"
11241395977,"Antidepressants (eg. Lexapro, Prozac, Wellbutrin, Effexor, Nortriptyline)"
11238685800,"Antidepressants (eg. Lexapro, Prozac, Wellbutrin, Effexor, Nortriptyline)"
11238671751,"Antidepressants (eg. Lexapro, Prozac, Wellbutrin, Effexor, Nortriptyline)"
11236750096,"Antidepressants (eg. Lexapro, Prozac, Wellbutrin, Effexor, Nortriptyline)"
11221636373,"Antidepressants (eg. Lexapro, Prozac, Wellbutrin, Effexor, Nortriptyline)"
11215559561,"Antidepressants (eg. Lexapro, Prozac, Wellbutrin, Effexor, Nortriptyline)"
11211717848,"Antidepressants (eg. Lexapro, Prozac, Wellbutrin, Effexor, Nortriptyline)"
11208627585,"Antidepressants (eg. Lexapro, Prozac, Wellbutrin, Effexor, Nortriptyline)"
11181279818,"Antidepressants (eg. Lexapro, Prozac, Wellbutrin, Effexor, Nortriptyline)"
11166893092,"Antidepressants (eg. Lexapro, Prozac, Wellbutrin, Effexor, Nortriptyline)"
11166535497,"Antidepressants (eg. Lexapro, Prozac, Wellbutrin, Effexor, Nortriptyline)"
11161813510,"Antidepressants (eg. Lexapro, Prozac, Wellbutrin, Effexor, Nortriptyline)"
11156548224,"Antidepressants (eg. Lexapro, Prozac, Wellbutrin, Effexor, Nortriptyline)"
11142252658,"Antidepressants (eg. Lexapro, Prozac, Wellbutrin, Effexor, Nortriptyline)"
11137625236,"Antidepressants (eg. Lexapro, Prozac, Wellbutrin, Effexor, Nortriptyline)"
11137570486,"Antidepressants (eg. Lexapro, Prozac, Wellbutrin, Effexor, Nortriptyline)"
11135889511,"Antidepressants (eg. Lexapro, Prozac, Wellbutrin, Effexor, Nortriptyline)"
11135122023,"Antidepressants (eg. Lexapro, Prozac, Wellbutrin, Effexor, Nortriptyline)"
11135054998,"Antidepressants (eg. Lexapro, Prozac, Wellbutrin, Effexor, Nortriptyline)"
11134799419,"Antidepressants (eg. Lexapro, Prozac, Wellbutrin, Effexor, Nortriptyline)"
11134531419,"Antidepressants (eg. Lexapro, Prozac, Wellbutrin, Effexor, Nortriptyline)"
11134530007,"Antidepressants (eg. Lexapro, Prozac, Wellbutrin, Effexor, Nortriptyline)"
11134508380,"Antidepressants (eg. Lexapro, Prozac, Wellbutrin, Effexor, Nortriptyline)"
11134504342,"Antidepressants (eg. Lexapro, Prozac, Wellbutrin, Effexor, Nortriptyline)"
11134478610,"Antidepressants (eg. Lexapro, Prozac, Wellbutrin, Effexor, Nortriptyline)"
11134443636,"Antidepressants (eg. Lexapro, Prozac, Wellbutrin, Effexor, Nortriptyline)"
11105188699,"Antidepressants (eg. Lexapro, Prozac, Wellbutrin, Effexor, Nortriptyline)"
11102541656,"Antidepressants (eg. Lexapro, Prozac, Wellbutrin, Effexor, Nortriptyline)"
11065588769,"Antidepressants (eg. Lexapro, Prozac, Wellbutrin, Effexor, Nortriptyline)"
11062634752,"Antidepressants (eg. Lexapro, Prozac, Wellbutrin, Effexor, Nortriptyline)"
11054783496,"Antidepressants (eg. Lexapro, Prozac, Wellbutrin, Effexor, Nortriptyline)"
11034650778,"Antidepressants (eg. Lexapro, Prozac, Wellbutrin, Effexor, Nortriptyline)"
11027692007,"Antidepressants (eg. Lexapro, Prozac, Wellbutrin, Effexor, Nortriptyline)"
11023090140,"Antidepressants (eg. Lexapro, Prozac, Wellbutrin, Effexor, Nortriptyline)"
10994464098,"Antidepressants (eg. Lexapro, Prozac, Wellbutrin, Effexor, Nortriptyline)"
10985275093,"Antidepressants (eg. Lexapro, Prozac, Wellbutrin, Effexor, Nortriptyline)"
10978063065,"Antidepressants (eg. Lexapro, Prozac, Wellbutrin, Effexor, Nortriptyline)"
10972364151,"Antidepressants (eg. Lexapro, Prozac, Wellbutrin, Effexor, Nortriptyline)"
10952093942,"Antidepressants (eg. Lexapro, Prozac, Wellbutrin, Effexor, Nortriptyline)"
10922773382,"Antidepressants (eg. Lexapro, Prozac, Wellbutrin, Effexor, Nortriptyline)"
10908463163,"Antidepressants (eg. Lexapro, Prozac, Wellbutrin, Effexor, Nortriptyline)"
10902224469,"Antidepressants (eg. Lexapro, Prozac, Wellbutrin, Effexor, Nortriptyline)"
10893948558,"Antidepressants (eg. Lexapro, Prozac, Wellbutrin, Effexor, Nortriptyline)"
10893828061,"Antidepressants (eg. Lexapro, Prozac, Wellbutrin, Effexor, Nortriptyline)"
10893671348,"Antidepressants (eg. Lexapro, Prozac, Wellbutrin, Effexor, Nortriptyline)"
10886504576,"Antidepressants (eg. Lexapro, Prozac, Wellbutrin, Effexor, Nortriptyline)"
10885759801,"Antidepressants (eg. Lexapro, Prozac, Wellbutrin, Effexor, Nortriptyline)"
10885623844,"Antidepressants (eg. Lexapro, Prozac, Wellbutrin, Effexor, Nortriptyline)"
10880715177,"Antidepressants (eg. Lexapro, Prozac, Wellbutrin, Effexor, Nortriptyline)"
10878214093,"Antidepressants (eg. Lexapro, Prozac, Wellbutrin, Effexor, Nortriptyline)"
10877565497,"Antidepressants (eg. Lexapro, Prozac, Wellbutrin, Effexor, Nortriptyline)"
10875944995,"Antidepressants (eg. Lexapro, Prozac, Wellbutrin, Effexor, Nortriptyline)"
10875529110,"Antidepressants (eg. Lexapro, Prozac, Wellbutrin, Effexor, Nortriptyline)"
10875511603,"Antidepressants (eg. Lexapro, Prozac, Wellbutrin, Effexor, Nortriptyline)"
10875467061,"Antidepressants (eg. Lexapro, Prozac, Wellbutrin, Effexor, Nortriptyline)"
10874749577,"Antidepressants (eg. Lexapro, Prozac, Wellbutrin, Effexor, Nortriptyline)"
10872582813,"Antidepressants (eg. Lexapro, Prozac, Wellbutrin, Effexor, Nortriptyline)"
10872131442,"Antidepressants (eg. Lexapro, Prozac, Wellbutrin, Effexor, Nortriptyline)"
10870148985,"Antidepressants (eg. Lexapro, Prozac, Wellbutrin, Effexor, Nortriptyline)"
10867810520,"Antidepressants (eg. Lexapro, Prozac, Wellbutrin, Effexor, Nortriptyline)"
10867615622,"Antidepressants (eg. Lexapro, Prozac, Wellbutrin, Effexor, Nortriptyline)"
10864851918,"Antidepressants (eg. Lexapro, Prozac, Wellbutrin, Effexor, Nortriptyline)"
10863841131,"Antidepressants (eg. Lexapro, Prozac, Wellbutrin, Effexor, Nortriptyline)"
10860535252,"Antidepressants (eg. Lexapro, Prozac, Wellbutrin, Effexor, Nortriptyline)"
10859616580,"Antidepressants (eg. Lexapro, Prozac, Wellbutrin, Effexor, Nortriptyline)"
10856003172,"Antidepressants (eg. Lexapro, Prozac, Wellbutrin, Effexor, Nortriptyline)"
10849214021,"Antidepressants (eg. Lexapro, Prozac, Wellbutrin, Effexor, Nortriptyline)"
10848029491,"Antidepressants (eg. Lexapro, Prozac, Wellbutrin, Effexor, Nortriptyline)"
10847317503,"Antidepressants (eg. Lexapro, Prozac, Wellbutrin, Effexor, Nortriptyline)"
10847312529,"Antidepressants (eg. Lexapro, Prozac, Wellbutrin, Effexor, Nortriptyline)"
10847305299,"Antidepressants (eg. Lexapro, Prozac, Wellbutrin, Effexor, Nortriptyline)"
10847199598,"Antidepressants (eg. Lexapro, Prozac, Wellbutrin, Effexor, Nortriptyline)"
10847177434,"Antidepressants (eg. Lexapro, Prozac, Wellbutrin, Effexor, Nortriptyline)"
10847076490,"Antidepressants (eg. Lexapro, Prozac, Wellbutrin, Effexor, Nortriptyline)"
10847009623,"Antidepressants (eg. Lexapro, Prozac, Wellbutrin, Effexor, Nortriptyline)"
10844236012,"Antidepressants (eg. Lexapro, Prozac, Wellbutrin, Effexor, Nortriptyline)"
10844213348,"Antidepressants (eg. Lexapro, Prozac, Wellbutrin, Effexor, Nortriptyline)"
10840899449,"Antidepressants (eg. Lexapro, Prozac, Wellbutrin, Effexor, Nortriptyline)"
10839396047,"Antidepressants (eg. Lexapro, Prozac, Wellbutrin, Effexor, Nortriptyline)"
10837914247,"Antidepressants (eg. Lexapro, Prozac, Wellbutrin, Effexor, Nortriptyline)"
10837056649,"Antidepressants (eg. Lexapro, Prozac, Wellbutrin, Effexor, Nortriptyline)"
10836154511,"Antidepressants (eg. Lexapro, Prozac, Wellbutrin, Effexor, Nortriptyline)"
10834332090,"Antidepressants (eg. Lexapro, Prozac, Wellbutrin, Effexor, Nortriptyline)"
10833790283,"Antidepressants (eg. Lexapro, Prozac, Wellbutrin, Effexor, Nortriptyline)"
10832733276,"Antidepressants (eg. Lexapro, Prozac, Wellbutrin, Effexor, Nortriptyline)"
10832233395,"Antidepressants (eg. Lexapro, Prozac, Wellbutrin, Effexor, Nortriptyline)"
10832233224,"Antidepressants (eg. Lexapro, Prozac, Wellbutrin, Effexor, Nortriptyline)"
10832224616,"Antidepressants (eg. Lexapro, Prozac, Wellbutrin, Effexor, Nortriptyline)"
10832173617,"Antidepressants (eg. Lexapro, Prozac, Wellbutrin, Effexor, Nortriptyline)"
10832133946,"Antidepressants (eg. Lexapro, Prozac, Wellbutrin, Effexor, Nortriptyline)"
10832128566,"Antidepressants (eg. Lexapro, Prozac, Wellbutrin, Effexor, Nortriptyline)"
10831929904,"Antidepressants (eg. Lexapro, Prozac, Wellbutrin, Effexor, Nortriptyline)"
10831865696,"Antidepressants (eg. Lexapro, Prozac, Wellbutrin, Effexor, Nortriptyline)"
10831792008,"Antidepressants (eg. Lexapro, Prozac, Wellbutrin, Effexor, Nortriptyline)"
10831623393,"Antidepressants (eg. Lexapro, Prozac, Wellbutrin, Effexor, Nortriptyline)"
10831609109,"Antidepressants (eg. Lexapro, Prozac, Wellbutrin, Effexor, Nortriptyline)"
10830896942,"Antidepressants (eg. Lexapro, Prozac, Wellbutrin, Effexor, Nortriptyline)"
10802360410,"Antidepressants (eg. Lexapro, Prozac, Wellbutrin, Effexor, Nortriptyline)"
10762649964,"Antidepressants (eg. Lexapro, Prozac, Wellbutrin, Effexor, Nortriptyline)"
10706606981,"Antidepressants (eg. Lexapro, Prozac, Wellbutrin, Effexor, Nortriptyline)"
10685524216,"Antidepressants (eg. Lexapro, Prozac, Wellbutrin, Effexor, Nortriptyline)"
10685117930,"Antidepressants (eg. Lexapro, Prozac, Wellbutrin, Effexor, Nortriptyline)"
10682649508,"Antidepressants (eg. Lexapro, Prozac, Wellbutrin, Effexor, Nortriptyline)"
10676786628,"Antidepressants (eg. Lexapro, Prozac, Wellbutrin, Effexor, Nortriptyline)"
10671862630,"Antidepressants (eg. Lexapro, Prozac, Wellbutrin, Effexor, Nortriptyline)"
10669140575,"Antidepressants (eg. Lexapro, Prozac, Wellbutrin, Effexor, Nortriptyline)"
10668312322,"Antidepressants (eg. Lexapro, Prozac, Wellbutrin, Effexor, Nortriptyline)"
10667582585,"Antidepressants (eg. Lexapro, Prozac, Wellbutrin, Effexor, Nortriptyline)"
10667384979,"Antidepressants (eg. Lexapro, Prozac, Wellbutrin, Effexor, Nortriptyline)"
10667384024,"Antidepressants (eg. Lexapro, Prozac, Wellbutrin, Effexor, Nortriptyline)"
10667369837,"Antidepressants (eg. Lexapro, Prozac, Wellbutrin, Effexor, Nortriptyline)"
10658936778,"Antidepressants (eg. Lexapro, Prozac, Wellbutrin, Effexor, Nortriptyline)"
10658577550,"Antidepressants (eg. Lexapro, Prozac, Wellbutrin, Effexor, Nortriptyline)"
10624147163,"Antidepressants (eg. Lexapro, Prozac, Wellbutrin, Effexor, Nortriptyline)"
10622925288,"Antidepressants (eg. Lexapro, Prozac, Wellbutrin, Effexor, Nortriptyline)"
10609850764,"Antidepressants (eg. Lexapro, Prozac, Wellbutrin, Effexor, Nortriptyline)"
10602936383,"Antidepressants (eg. Lexapro, Prozac, Wellbutrin, Effexor, Nortriptyline)"
10598221024,"Antidepressants (eg. Lexapro, Prozac, Wellbutrin, Effexor, Nortriptyline)"
10585520406,"Antidepressants (eg. Lexapro, Prozac, Wellbutrin, Effexor, Nortriptyline)"
10583893598,"Antidepressants (eg. Lexapro, Prozac, Wellbutrin, Effexor, Nortriptyline)"
10583372838,"Antidepressants (eg. Lexapro, Prozac, Wellbutrin, Effexor, Nortriptyline)"
10580913646,"Antidepressants (eg. Lexapro, Prozac, Wellbutrin, Effexor, Nortriptyline)"
10578271769,"Antidepressants (eg. Lexapro, Prozac, Wellbutrin, Effexor, Nortriptyline)"
10577144137,"Antidepressants (eg. Lexapro, Prozac, Wellbutrin, Effexor, Nortriptyline)"
10575282159,"Antidepressants (eg. Lexapro, Prozac, Wellbutrin, Effexor, Nortriptyline)"
10574898510,"Antidepressants (eg. Lexapro, Prozac, Wellbutrin, Effexor, Nortriptyline)"
10572546454,"Antidepressants (eg. Lexapro, Prozac, Wellbutrin, Effexor, Nortriptyline)"
10868495105,"Antidepressants (eg. Lexapro, Prozac, Wellbutrin, Effexor, Nortriptyline)"
10767176517,"Antidepressants (eg. Lexapro, Prozac, Wellbutrin, Effexor, Nortriptyline)"
10760373939,"Antidepressants (eg. Lexapro, Prozac, Wellbutrin, Effexor, Nortriptyline)"
10758288741,"Antidepressants (eg. Lexapro, Prozac, Wellbutrin, Effexor, Nortriptyline)"
10659241585,"Antidepressants (eg. Lexapro, Prozac, Wellbutrin, Effexor, Nortriptyline)"
10647255505,"Antidepressants (eg. Lexapro, Prozac, Wellbutrin, Effexor, Nortriptyline)"
11170278059,"Antidepressants (eg. Lexapro, Prozac, Wellbutrin, Effexor, Nortriptyline)"
11151215837,"Antidepressants (eg. Lexapro, Prozac, Wellbutrin, Effexor, Nortriptyline)"
11044680699,"Antidepressants (eg. Lexapro, Prozac, Wellbutrin, Effexor, Nortriptyline)"
10632499407,"Antidepressants (eg. Lexapro, Prozac, Wellbutrin, Effexor, Nortriptyline)"
10632389881,"Antidepressants (eg. Lexapro, Prozac, Wellbutrin, Effexor, Nortriptyline)"
10600284760,"Antidepressants (eg. Lexapro, Prozac, Wellbutrin, Effexor, Nortriptyline)"
10583058257,"Antidepressants (eg. Lexapro, Prozac, Wellbutrin, Effexor, Nortriptyline)"
10583000127,"Antidepressants (eg. Lexapro, Prozac, Wellbutrin, Effexor, Nortriptyline)"
10581571841,"Antidepressants (eg. Lexapro, Prozac, Wellbutrin, Effexor, Nortriptyline)"
10580166038,"Antidepressants (eg. Lexapro, Prozac, Wellbutrin, Effexor, Nortriptyline)"
11250741921,"Over the counter (OTC) medications (e.g. Ibuprofen, Acetaminophen, sleep aids, allergy medications, Tylenol)"
11250357688,"Over the counter (OTC) medications (e.g. Ibuprofen, Acetaminophen, sleep aids, allergy medications, Tylenol)"
11248704898,"Over the counter (OTC) medications (e.g. Ibuprofen, Acetaminophen, sleep aids, allergy medications, Tylenol)"
11241251752,"Over the counter (OTC) medications (e.g. Ibuprofen, Acetaminophen, sleep aids, allergy medications, Tylenol)"
11226611149,"Over the counter (OTC) medications (e.g. Ibuprofen, Acetaminophen, sleep aids, allergy medications, Tylenol)"
11222559871,"Over the counter (OTC) medications (e.g. Ibuprofen, Acetaminophen, sleep aids, allergy medications, Tylenol)"
11215609540,"Over the counter (OTC) medications (e.g. Ibuprofen, Acetaminophen, sleep aids, allergy medications, Tylenol)"
11215559561,"Over the counter (OTC) medications (e.g. Ibuprofen, Acetaminophen, sleep aids, allergy medications, Tylenol)"
11211717848,"Over the counter (OTC) medications (e.g. Ibuprofen, Acetaminophen, sleep aids, allergy medications, Tylenol)"
11208627585,"Over the counter (OTC) medications (e.g. Ibuprofen, Acetaminophen, sleep aids, allergy medications, Tylenol)"
11181279818,"Over the counter (OTC) medications (e.g. Ibuprofen, Acetaminophen, sleep aids, allergy medications, Tylenol)"
11166535497,"Over the counter (OTC) medications (e.g. Ibuprofen, Acetaminophen, sleep aids, allergy medications, Tylenol)"
11140621270,"Over the counter (OTC) medications (e.g. Ibuprofen, Acetaminophen, sleep aids, allergy medications, Tylenol)"
11137664485,"Over the counter (OTC) medications (e.g. Ibuprofen, Acetaminophen, sleep aids, allergy medications, Tylenol)"
11137570486,"Over the counter (OTC) medications (e.g. Ibuprofen, Acetaminophen, sleep aids, allergy medications, Tylenol)"
11136798812,"Over the counter (OTC) medications (e.g. Ibuprofen, Acetaminophen, sleep aids, allergy medications, Tylenol)"
11135849827,"Over the counter (OTC) medications (e.g. Ibuprofen, Acetaminophen, sleep aids, allergy medications, Tylenol)"
11135466512,"Over the counter (OTC) medications (e.g. Ibuprofen, Acetaminophen, sleep aids, allergy medications, Tylenol)"
11135212674,"Over the counter (OTC) medications (e.g. Ibuprofen, Acetaminophen, sleep aids, allergy medications, Tylenol)"
11135151906,"Over the counter (OTC) medications (e.g. Ibuprofen, Acetaminophen, sleep aids, allergy medications, Tylenol)"
11135136344,"Over the counter (OTC) medications (e.g. Ibuprofen, Acetaminophen, sleep aids, allergy medications, Tylenol)"
11135122023,"Over the counter (OTC) medications (e.g. Ibuprofen, Acetaminophen, sleep aids, allergy medications, Tylenol)"
11135019994,"Over the counter (OTC) medications (e.g. Ibuprofen, Acetaminophen, sleep aids, allergy medications, Tylenol)"
11134708109,"Over the counter (OTC) medications (e.g. Ibuprofen, Acetaminophen, sleep aids, allergy medications, Tylenol)"
11134647286,"Over the counter (OTC) medications (e.g. Ibuprofen, Acetaminophen, sleep aids, allergy medications, Tylenol)"
11134572563,"Over the counter (OTC) medications (e.g. Ibuprofen, Acetaminophen, sleep aids, allergy medications, Tylenol)"
11134531419,"Over the counter (OTC) medications (e.g. Ibuprofen, Acetaminophen, sleep aids, allergy medications, Tylenol)"
11134504342,"Over the counter (OTC) medications (e.g. Ibuprofen, Acetaminophen, sleep aids, allergy medications, Tylenol)"
11134478610,"Over the counter (OTC) medications (e.g. Ibuprofen, Acetaminophen, sleep aids, allergy medications, Tylenol)"
11132638848,"Over the counter (OTC) medications (e.g. Ibuprofen, Acetaminophen, sleep aids, allergy medications, Tylenol)"
11102541656,"Over the counter (OTC) medications (e.g. Ibuprofen, Acetaminophen, sleep aids, allergy medications, Tylenol)"
11100035804,"Over the counter (OTC) medications (e.g. Ibuprofen, Acetaminophen, sleep aids, allergy medications, Tylenol)"
11091792560,"Over the counter (OTC) medications (e.g. Ibuprofen, Acetaminophen, sleep aids, allergy medications, Tylenol)"
11064360862,"Over the counter (OTC) medications (e.g. Ibuprofen, Acetaminophen, sleep aids, allergy medications, Tylenol)"
11062634752,"Over the counter (OTC) medications (e.g. Ibuprofen, Acetaminophen, sleep aids, allergy medications, Tylenol)"
11036310394,"Over the counter (OTC) medications (e.g. Ibuprofen, Acetaminophen, sleep aids, allergy medications, Tylenol)"
11033502369,"Over the counter (OTC) medications (e.g. Ibuprofen, Acetaminophen, sleep aids, allergy medications, Tylenol)"
11030978965,"Over the counter (OTC) medications (e.g. Ibuprofen, Acetaminophen, sleep aids, allergy medications, Tylenol)"
11023090140,"Over the counter (OTC) medications (e.g. Ibuprofen, Acetaminophen, sleep aids, allergy medications, Tylenol)"
10994464098,"Over the counter (OTC) medications (e.g. Ibuprofen, Acetaminophen, sleep aids, allergy medications, Tylenol)"
10985275093,"Over the counter (OTC) medications (e.g. Ibuprofen, Acetaminophen, sleep aids, allergy medications, Tylenol)"
10932820377,"Over the counter (OTC) medications (e.g. Ibuprofen, Acetaminophen, sleep aids, allergy medications, Tylenol)"
10922773382,"Over the counter (OTC) medications (e.g. Ibuprofen, Acetaminophen, sleep aids, allergy medications, Tylenol)"
10908463163,"Over the counter (OTC) medications (e.g. Ibuprofen, Acetaminophen, sleep aids, allergy medications, Tylenol)"
10893828061,"Over the counter (OTC) medications (e.g. Ibuprofen, Acetaminophen, sleep aids, allergy medications, Tylenol)"
10892827041,"Over the counter (OTC) medications (e.g. Ibuprofen, Acetaminophen, sleep aids, allergy medications, Tylenol)"
10888170961,"Over the counter (OTC) medications (e.g. Ibuprofen, Acetaminophen, sleep aids, allergy medications, Tylenol)"
10886504576,"Over the counter (OTC) medications (e.g. Ibuprofen, Acetaminophen, sleep aids, allergy medications, Tylenol)"
10885759801,"Over the counter (OTC) medications (e.g. Ibuprofen, Acetaminophen, sleep aids, allergy medications, Tylenol)"
10880798060,"Over the counter (OTC) medications (e.g. Ibuprofen, Acetaminophen, sleep aids, allergy medications, Tylenol)"
10880715177,"Over the counter (OTC) medications (e.g. Ibuprofen, Acetaminophen, sleep aids, allergy medications, Tylenol)"
10879268147,"Over the counter (OTC) medications (e.g. Ibuprofen, Acetaminophen, sleep aids, allergy medications, Tylenol)"
10879062209,"Over the counter (OTC) medications (e.g. Ibuprofen, Acetaminophen, sleep aids, allergy medications, Tylenol)"
10878422887,"Over the counter (OTC) medications (e.g. Ibuprofen, Acetaminophen, sleep aids, allergy medications, Tylenol)"
10878214093,"Over the counter (OTC) medications (e.g. Ibuprofen, Acetaminophen, sleep aids, allergy medications, Tylenol)"
10877565497,"Over the counter (OTC) medications (e.g. Ibuprofen, Acetaminophen, sleep aids, allergy medications, Tylenol)"
10876510380,"Over the counter (OTC) medications (e.g. Ibuprofen, Acetaminophen, sleep aids, allergy medications, Tylenol)"
10876100377,"Over the counter (OTC) medications (e.g. Ibuprofen, Acetaminophen, sleep aids, allergy medications, Tylenol)"
10875993925,"Over the counter (OTC) medications (e.g. Ibuprofen, Acetaminophen, sleep aids, allergy medications, Tylenol)"
10875700450,"Over the counter (OTC) medications (e.g. Ibuprofen, Acetaminophen, sleep aids, allergy medications, Tylenol)"
10875530570,"Over the counter (OTC) medications (e.g. Ibuprofen, Acetaminophen, sleep aids, allergy medications, Tylenol)"
10875479466,"Over the counter (OTC) medications (e.g. Ibuprofen, Acetaminophen, sleep aids, allergy medications, Tylenol)"
10875467061,"Over the counter (OTC) medications (e.g. Ibuprofen, Acetaminophen, sleep aids, allergy medications, Tylenol)"
10875460020,"Over the counter (OTC) medications (e.g. Ibuprofen, Acetaminophen, sleep aids, allergy medications, Tylenol)"
10874749577,"Over the counter (OTC) medications (e.g. Ibuprofen, Acetaminophen, sleep aids, allergy medications, Tylenol)"
10870148985,"Over the counter (OTC) medications (e.g. Ibuprofen, Acetaminophen, sleep aids, allergy medications, Tylenol)"
10867810520,"Over the counter (OTC) medications (e.g. Ibuprofen, Acetaminophen, sleep aids, allergy medications, Tylenol)"
10867615622,"Over the counter (OTC) medications (e.g. Ibuprofen, Acetaminophen, sleep aids, allergy medications, Tylenol)"
10865132242,"Over the counter (OTC) medications (e.g. Ibuprofen, Acetaminophen, sleep aids, allergy medications, Tylenol)"
10864851918,"Over the counter (OTC) medications (e.g. Ibuprofen, Acetaminophen, sleep aids, allergy medications, Tylenol)"
10860704252,"Over the counter (OTC) medications (e.g. Ibuprofen, Acetaminophen, sleep aids, allergy medications, Tylenol)"
10860535252,"Over the counter (OTC) medications (e.g. Ibuprofen, Acetaminophen, sleep aids, allergy medications, Tylenol)"
10857725293,"Over the counter (OTC) medications (e.g. Ibuprofen, Acetaminophen, sleep aids, allergy medications, Tylenol)"
10856003172,"Over the counter (OTC) medications (e.g. Ibuprofen, Acetaminophen, sleep aids, allergy medications, Tylenol)"
10855896441,"Over the counter (OTC) medications (e.g. Ibuprofen, Acetaminophen, sleep aids, allergy medications, Tylenol)"
10851677235,"Over the counter (OTC) medications (e.g. Ibuprofen, Acetaminophen, sleep aids, allergy medications, Tylenol)"
10849063157,"Over the counter (OTC) medications (e.g. Ibuprofen, Acetaminophen, sleep aids, allergy medications, Tylenol)"
10848597634,"Over the counter (OTC) medications (e.g. Ibuprofen, Acetaminophen, sleep aids, allergy medications, Tylenol)"
10848029491,"Over the counter (OTC) medications (e.g. Ibuprofen, Acetaminophen, sleep aids, allergy medications, Tylenol)"
10847312529,"Over the counter (OTC) medications (e.g. Ibuprofen, Acetaminophen, sleep aids, allergy medications, Tylenol)"
10847172551,"Over the counter (OTC) medications (e.g. Ibuprofen, Acetaminophen, sleep aids, allergy medications, Tylenol)"
10847151018,"Over the counter (OTC) medications (e.g. Ibuprofen, Acetaminophen, sleep aids, allergy medications, Tylenol)"
10847010995,"Over the counter (OTC) medications (e.g. Ibuprofen, Acetaminophen, sleep aids, allergy medications, Tylenol)"
10847009623,"Over the counter (OTC) medications (e.g. Ibuprofen, Acetaminophen, sleep aids, allergy medications, Tylenol)"
10846997868,"Over the counter (OTC) medications (e.g. Ibuprofen, Acetaminophen, sleep aids, allergy medications, Tylenol)"
10846990356,"Over the counter (OTC) medications (e.g. Ibuprofen, Acetaminophen, sleep aids, allergy medications, Tylenol)"
10844338129,"Over the counter (OTC) medications (e.g. Ibuprofen, Acetaminophen, sleep aids, allergy medications, Tylenol)"
10844291789,"Over the counter (OTC) medications (e.g. Ibuprofen, Acetaminophen, sleep aids, allergy medications, Tylenol)"
10844260968,"Over the counter (OTC) medications (e.g. Ibuprofen, Acetaminophen, sleep aids, allergy medications, Tylenol)"
10844213348,"Over the counter (OTC) medications (e.g. Ibuprofen, Acetaminophen, sleep aids, allergy medications, Tylenol)"
10843842634,"Over the counter (OTC) medications (e.g. Ibuprofen, Acetaminophen, sleep aids, allergy medications, Tylenol)"
10843819934,"Over the counter (OTC) medications (e.g. Ibuprofen, Acetaminophen, sleep aids, allergy medications, Tylenol)"
10843808762,"Over the counter (OTC) medications (e.g. Ibuprofen, Acetaminophen, sleep aids, allergy medications, Tylenol)"
10843797483,"Over the counter (OTC) medications (e.g. Ibuprofen, Acetaminophen, sleep aids, allergy medications, Tylenol)"
10840899449,"Over the counter (OTC) medications (e.g. Ibuprofen, Acetaminophen, sleep aids, allergy medications, Tylenol)"
10840178037,"Over the counter (OTC) medications (e.g. Ibuprofen, Acetaminophen, sleep aids, allergy medications, Tylenol)"
10836154511,"Over the counter (OTC) medications (e.g. Ibuprofen, Acetaminophen, sleep aids, allergy medications, Tylenol)"
10834663571,"Over the counter (OTC) medications (e.g. Ibuprofen, Acetaminophen, sleep aids, allergy medications, Tylenol)"
10834149798,"Over the counter (OTC) medications (e.g. Ibuprofen, Acetaminophen, sleep aids, allergy medications, Tylenol)"
10834053271,"Over the counter (OTC) medications (e.g. Ibuprofen, Acetaminophen, sleep aids, allergy medications, Tylenol)"
10833972658,"Over the counter (OTC) medications (e.g. Ibuprofen, Acetaminophen, sleep aids, allergy medications, Tylenol)"
10833790283,"Over the counter (OTC) medications (e.g. Ibuprofen, Acetaminophen, sleep aids, allergy medications, Tylenol)"
10833785776,"Over the counter (OTC) medications (e.g. Ibuprofen, Acetaminophen, sleep aids, allergy medications, Tylenol)"
10833532176,"Over the counter (OTC) medications (e.g. Ibuprofen, Acetaminophen, sleep aids, allergy medications, Tylenol)"
10832483530,"Over the counter (OTC) medications (e.g. Ibuprofen, Acetaminophen, sleep aids, allergy medications, Tylenol)"
10832343863,"Over the counter (OTC) medications (e.g. Ibuprofen, Acetaminophen, sleep aids, allergy medications, Tylenol)"
10832233395,"Over the counter (OTC) medications (e.g. Ibuprofen, Acetaminophen, sleep aids, allergy medications, Tylenol)"
10832200410,"Over the counter (OTC) medications (e.g. Ibuprofen, Acetaminophen, sleep aids, allergy medications, Tylenol)"
10832191551,"Over the counter (OTC) medications (e.g. Ibuprofen, Acetaminophen, sleep aids, allergy medications, Tylenol)"
10831929904,"Over the counter (OTC) medications (e.g. Ibuprofen, Acetaminophen, sleep aids, allergy medications, Tylenol)"
10831865696,"Over the counter (OTC) medications (e.g. Ibuprofen, Acetaminophen, sleep aids, allergy medications, Tylenol)"
10831792008,"Over the counter (OTC) medications (e.g. Ibuprofen, Acetaminophen, sleep aids, allergy medications, Tylenol)"
10831686982,"Over the counter (OTC) medications (e.g. Ibuprofen, Acetaminophen, sleep aids, allergy medications, Tylenol)"
10831609109,"Over the counter (OTC) medications (e.g. Ibuprofen, Acetaminophen, sleep aids, allergy medications, Tylenol)"
10831181023,"Over the counter (OTC) medications (e.g. Ibuprofen, Acetaminophen, sleep aids, allergy medications, Tylenol)"
10831158462,"Over the counter (OTC) medications (e.g. Ibuprofen, Acetaminophen, sleep aids, allergy medications, Tylenol)"
10830896942,"Over the counter (OTC) medications (e.g. Ibuprofen, Acetaminophen, sleep aids, allergy medications, Tylenol)"
10830882008,"Over the counter (OTC) medications (e.g. Ibuprofen, Acetaminophen, sleep aids, allergy medications, Tylenol)"
10813811475,"Over the counter (OTC) medications (e.g. Ibuprofen, Acetaminophen, sleep aids, allergy medications, Tylenol)"
10726117373,"Over the counter (OTC) medications (e.g. Ibuprofen, Acetaminophen, sleep aids, allergy medications, Tylenol)"
10716518478,"Over the counter (OTC) medications (e.g. Ibuprofen, Acetaminophen, sleep aids, allergy medications, Tylenol)"
10691181667,"Over the counter (OTC) medications (e.g. Ibuprofen, Acetaminophen, sleep aids, allergy medications, Tylenol)"
10685524216,"Over the counter (OTC) medications (e.g. Ibuprofen, Acetaminophen, sleep aids, allergy medications, Tylenol)"
10685325930,"Over the counter (OTC) medications (e.g. Ibuprofen, Acetaminophen, sleep aids, allergy medications, Tylenol)"
10682649508,"Over the counter (OTC) medications (e.g. Ibuprofen, Acetaminophen, sleep aids, allergy medications, Tylenol)"
10681003613,"Over the counter (OTC) medications (e.g. Ibuprofen, Acetaminophen, sleep aids, allergy medications, Tylenol)"
10677560387,"Over the counter (OTC) medications (e.g. Ibuprofen, Acetaminophen, sleep aids, allergy medications, Tylenol)"
10671862630,"Over the counter (OTC) medications (e.g. Ibuprofen, Acetaminophen, sleep aids, allergy medications, Tylenol)"
10669140575,"Over the counter (OTC) medications (e.g. Ibuprofen, Acetaminophen, sleep aids, allergy medications, Tylenol)"
10668312322,"Over the counter (OTC) medications (e.g. Ibuprofen, Acetaminophen, sleep aids, allergy medications, Tylenol)"
10668103394,"Over the counter (OTC) medications (e.g. Ibuprofen, Acetaminophen, sleep aids, allergy medications, Tylenol)"
10667582585,"Over the counter (OTC) medications (e.g. Ibuprofen, Acetaminophen, sleep aids, allergy medications, Tylenol)"
10667384979,"Over the counter (OTC) medications (e.g. Ibuprofen, Acetaminophen, sleep aids, allergy medications, Tylenol)"
10660294275,"Over the counter (OTC) medications (e.g. Ibuprofen, Acetaminophen, sleep aids, allergy medications, Tylenol)"
10658936778,"Over the counter (OTC) medications (e.g. Ibuprofen, Acetaminophen, sleep aids, allergy medications, Tylenol)"
10626251939,"Over the counter (OTC) medications (e.g. Ibuprofen, Acetaminophen, sleep aids, allergy medications, Tylenol)"
10622502829,"Over the counter (OTC) medications (e.g. Ibuprofen, Acetaminophen, sleep aids, allergy medications, Tylenol)"
10615243125,"Over the counter (OTC) medications (e.g. Ibuprofen, Acetaminophen, sleep aids, allergy medications, Tylenol)"
10614375447,"Over the counter (OTC) medications (e.g. Ibuprofen, Acetaminophen, sleep aids, allergy medications, Tylenol)"
10609850764,"Over the counter (OTC) medications (e.g. Ibuprofen, Acetaminophen, sleep aids, allergy medications, Tylenol)"
10602936383,"Over the counter (OTC) medications (e.g. Ibuprofen, Acetaminophen, sleep aids, allergy medications, Tylenol)"
10598255910,"Over the counter (OTC) medications (e.g. Ibuprofen, Acetaminophen, sleep aids, allergy medications, Tylenol)"
10595615049,"Over the counter (OTC) medications (e.g. Ibuprofen, Acetaminophen, sleep aids, allergy medications, Tylenol)"
10591451425,"Over the counter (OTC) medications (e.g. Ibuprofen, Acetaminophen, sleep aids, allergy medications, Tylenol)"
10585520406,"Over the counter (OTC) medications (e.g. Ibuprofen, Acetaminophen, sleep aids, allergy medications, Tylenol)"
10584760225,"Over the counter (OTC) medications (e.g. Ibuprofen, Acetaminophen, sleep aids, allergy medications, Tylenol)"
10583372838,"Over the counter (OTC) medications (e.g. Ibuprofen, Acetaminophen, sleep aids, allergy medications, Tylenol)"
10581940017,"Over the counter (OTC) medications (e.g. Ibuprofen, Acetaminophen, sleep aids, allergy medications, Tylenol)"
10575878347,"Over the counter (OTC) medications (e.g. Ibuprofen, Acetaminophen, sleep aids, allergy medications, Tylenol)"
10574898510,"Over the counter (OTC) medications (e.g. Ibuprofen, Acetaminophen, sleep aids, allergy medications, Tylenol)"
10572540138,"Over the counter (OTC) medications (e.g. Ibuprofen, Acetaminophen, sleep aids, allergy medications, Tylenol)"
10569070427,"Over the counter (OTC) medications (e.g. Ibuprofen, Acetaminophen, sleep aids, allergy medications, Tylenol)"
10568865766,"Over the counter (OTC) medications (e.g. Ibuprofen, Acetaminophen, sleep aids, allergy medications, Tylenol)"
10868495105,"Over the counter (OTC) medications (e.g. Ibuprofen, Acetaminophen, sleep aids, allergy medications, Tylenol)"
10767176517,"Over the counter (OTC) medications (e.g. Ibuprofen, Acetaminophen, sleep aids, allergy medications, Tylenol)"
10758288741,"Over the counter (OTC) medications (e.g. Ibuprofen, Acetaminophen, sleep aids, allergy medications, Tylenol)"
10716623034,"Over the counter (OTC) medications (e.g. Ibuprofen, Acetaminophen, sleep aids, allergy medications, Tylenol)"
10671009796,"Over the counter (OTC) medications (e.g. Ibuprofen, Acetaminophen, sleep aids, allergy medications, Tylenol)"
11212805644,"Over the counter (OTC) medications (e.g. Ibuprofen, Acetaminophen, sleep aids, allergy medications, Tylenol)"
11186271761,"Over the counter (OTC) medications (e.g. Ibuprofen, Acetaminophen, sleep aids, allergy medications, Tylenol)"
11170278059,"Over the counter (OTC) medications (e.g. Ibuprofen, Acetaminophen, sleep aids, allergy medications, Tylenol)"
10965547652,"Over the counter (OTC) medications (e.g. Ibuprofen, Acetaminophen, sleep aids, allergy medications, Tylenol)"
10625261595,"Over the counter (OTC) medications (e.g. Ibuprofen, Acetaminophen, sleep aids, allergy medications, Tylenol)"
10600284760,"Over the counter (OTC) medications (e.g. Ibuprofen, Acetaminophen, sleep aids, allergy medications, Tylenol)"
10583058257,"Over the counter (OTC) medications (e.g. Ibuprofen, Acetaminophen, sleep aids, allergy medications, Tylenol)"
10580153046,"Over the counter (OTC) medications (e.g. Ibuprofen, Acetaminophen, sleep aids, allergy medications, Tylenol)"
10579551441,"Over the counter (OTC) medications (e.g. Ibuprofen, Acetaminophen, sleep aids, allergy medications, Tylenol)"
10579439505,"Over the counter (OTC) medications (e.g. Ibuprofen, Acetaminophen, sleep aids, allergy medications, Tylenol)"
11166390085,"Statins (e.g. Lipitor, Crestor)"
11156548224,"Statins (e.g. Lipitor, Crestor)"
11135151906,"Statins (e.g. Lipitor, Crestor)"
11134926998,"Statins (e.g. Lipitor, Crestor)"
11134531419,"Statins (e.g. Lipitor, Crestor)"
11023090140,"Statins (e.g. Lipitor, Crestor)"
10893828061,"Statins (e.g. Lipitor, Crestor)"
10886504576,"Statins (e.g. Lipitor, Crestor)"
10885759801,"Statins (e.g. Lipitor, Crestor)"
10877565497,"Statins (e.g. Lipitor, Crestor)"
10876100377,"Statins (e.g. Lipitor, Crestor)"
10875479466,"Statins (e.g. Lipitor, Crestor)"
10847151018,"Statins (e.g. Lipitor, Crestor)"
10840899449,"Statins (e.g. Lipitor, Crestor)"
10837056649,"Statins (e.g. Lipitor, Crestor)"
10834663571,"Statins (e.g. Lipitor, Crestor)"
10834149798,"Statins (e.g. Lipitor, Crestor)"
10833785776,"Statins (e.g. Lipitor, Crestor)"
10831609109,"Statins (e.g. Lipitor, Crestor)"
10685524216,"Statins (e.g. Lipitor, Crestor)"
10669140575,"Statins (e.g. Lipitor, Crestor)"
10667425695,"Statins (e.g. Lipitor, Crestor)"
10658741910,"Statins (e.g. Lipitor, Crestor)"
10598255910,"Statins (e.g. Lipitor, Crestor)"
10767176517,"Statins (e.g. Lipitor, Crestor)"
10671009796,"Statins (e.g. Lipitor, Crestor)"
10625261595,"Statins (e.g. Lipitor, Crestor)"
10580153046,"Statins (e.g. Lipitor, Crestor)"
10579551441,"Statins (e.g. Lipitor, Crestor)"
11241395977,"Beta Blockers"
11241251752,"Beta Blockers"
11211717848,"Beta Blockers"
11166390085,"Beta Blockers"
11156548224,"Beta Blockers"
11149744263,"Beta Blockers"
11135212674,"Beta Blockers"
11135019994,"Beta Blockers"
11062688483,"Beta Blockers"
10994464098,"Beta Blockers"
10985275093,"Beta Blockers"
10893828061,"Beta Blockers"
10886504576,"Beta Blockers"
10886020524,"Beta Blockers"
10863841131,"Beta Blockers"
10847151018,"Beta Blockers"
10844338129,"Beta Blockers"
10667425695,"Beta Blockers"
10658741910,"Beta Blockers"
10598255910,"Beta Blockers"
10581571841,"Beta Blockers"
11245529294,"Antihypertensives"
11137664485,"Antihypertensives"
11136795358,"Antihypertensives"
11062634752,"Antihypertensives"
10893828061,"Antihypertensives"
10892190679,"Antihypertensives"
10886504576,"Antihypertensives"
10875507777,"Antihypertensives"
10848597634,"Antihypertensives"
10844298162,"Antihypertensives"
10844291789,"Antihypertensives"
10834663571,"Antihypertensives"
10833972658,"Antihypertensives"
10832343863,"Antihypertensives"
10831929904,"Antihypertensives"
10685524216,"Antihypertensives"
10585520406,"Antihypertensives"
10974437681,"Antihypertensives"
11250357688,"Insulin"
11248704898,"Insulin"
10893268968,"Insulin"
10848597634,"Insulin"
10843917537,"Insulin"
10834663571,"Insulin"
10833790283,"Insulin"
10667647030,"Insulin"
11250741921,"Anti-inflammatories"
11250243595,"Anti-inflammatories"
11241395977,"Anti-inflammatories"
11238685800,"Anti-inflammatories"
11238671751,"Anti-inflammatories"
11226611149,"Anti-inflammatories"
11215609540,"Anti-inflammatories"
11211717848,"Anti-inflammatories"
11208627585,"Anti-inflammatories"
11137664485,"Anti-inflammatories"
11137570486,"Anti-inflammatories"
11136795358,"Anti-inflammatories"
11135727852,"Anti-inflammatories"
11135570279,"Anti-inflammatories"
11135151906,"Anti-inflammatories"
11135136344,"Anti-inflammatories"
11135054557,"Anti-inflammatories"
11134478610,"Anti-inflammatories"
11134443636,"Anti-inflammatories"
11102541656,"Anti-inflammatories"
11100035804,"Anti-inflammatories"
11062634752,"Anti-inflammatories"
11061878386,"Anti-inflammatories"
11030978965,"Anti-inflammatories"
10994464098,"Anti-inflammatories"
10985275093,"Anti-inflammatories"
10972364151,"Anti-inflammatories"
10923325388,"Anti-inflammatories"
10893671348,"Anti-inflammatories"
10886504576,"Anti-inflammatories"
10886185272,"Anti-inflammatories"
10886020524,"Anti-inflammatories"
10885759801,"Anti-inflammatories"
10883497633,"Anti-inflammatories"
10880715177,"Anti-inflammatories"
10878214093,"Anti-inflammatories"
10877565497,"Anti-inflammatories"
10876876072,"Anti-inflammatories"
10875529110,"Anti-inflammatories"
10875503972,"Anti-inflammatories"
10875467061,"Anti-inflammatories"
10870148985,"Anti-inflammatories"
10868096498,"Anti-inflammatories"
10867810520,"Anti-inflammatories"
10864851918,"Anti-inflammatories"
10860535252,"Anti-inflammatories"
10858082192,"Anti-inflammatories"
10855896441,"Anti-inflammatories"
10848597634,"Anti-inflammatories"
10847737322,"Anti-inflammatories"
10847172551,"Anti-inflammatories"
10847151018,"Anti-inflammatories"
10846997868,"Anti-inflammatories"
10844291789,"Anti-inflammatories"
10844260968,"Anti-inflammatories"
10844213348,"Anti-inflammatories"
10834663571,"Anti-inflammatories"
10833972658,"Anti-inflammatories"
10832483530,"Anti-inflammatories"
10832233395,"Anti-inflammatories"
10832224616,"Anti-inflammatories"
10832012122,"Anti-inflammatories"
10831931418,"Anti-inflammatories"
10831792008,"Anti-inflammatories"
10831181023,"Anti-inflammatories"
10802360410,"Anti-inflammatories"
10749570344,"Anti-inflammatories"
10726117373,"Anti-inflammatories"
10685524216,"Anti-inflammatories"
10682649508,"Anti-inflammatories"
10668312322,"Anti-inflammatories"
10667582585,"Anti-inflammatories"
10667369837,"Anti-inflammatories"
10658741910,"Anti-inflammatories"
10658577550,"Anti-inflammatories"
10626251939,"Anti-inflammatories"
10622502829,"Anti-inflammatories"
10609850764,"Anti-inflammatories"
10604065323,"Anti-inflammatories"
10602936383,"Anti-inflammatories"
10598255910,"Anti-inflammatories"
10591451425,"Anti-inflammatories"
10585520406,"Anti-inflammatories"
10583372838,"Anti-inflammatories"
10581940017,"Anti-inflammatories"
10578271769,"Anti-inflammatories"
10575282159,"Anti-inflammatories"
10572540138,"Anti-inflammatories"
10568865766,"Anti-inflammatories"
10868495105,"Anti-inflammatories"
10758288741,"Anti-inflammatories"
11212805644,"Anti-inflammatories"
10974437681,"Anti-inflammatories"
10632499407,"Anti-inflammatories"
11249860217,"Steroids, including steroid creams"
11208627585,"Steroids, including steroid creams"
11135022253,"Steroids, including steroid creams"
11102541656,"Steroids, including steroid creams"
11065588769,"Steroids, including steroid creams"
11062634752,"Steroids, including steroid creams"
10994464098,"Steroids, including steroid creams"
10889700541,"Steroids, including steroid creams"
10877565497,"Steroids, including steroid creams"
10876100377,"Steroids, including steroid creams"
10867810520,"Steroids, including steroid creams"
10858082192,"Steroids, including steroid creams"
10847151018,"Steroids, including steroid creams"
10844291789,"Steroids, including steroid creams"
10836154511,"Steroids, including steroid creams"
10832128566,"Steroids, including steroid creams"
10832012122,"Steroids, including steroid creams"
10831792008,"Steroids, including steroid creams"
10749222846,"Steroids, including steroid creams"
10572540138,"Steroids, including steroid creams"
10580153046,"Steroids, including steroid creams"
10579551441,"Steroids, including steroid creams"
11250741921,"Sedatives/hypnotics"
11241395977,"Sedatives/hypnotics"
11211717848,"Sedatives/hypnotics"
11208627585,"Sedatives/hypnotics"
11135570279,"Sedatives/hypnotics"
11134531419,"Sedatives/hypnotics"
11134445906,"Sedatives/hypnotics"
11105188699,"Sedatives/hypnotics"
11027692007,"Sedatives/hypnotics"
10985275093,"Sedatives/hypnotics"
10893153651,"Sedatives/hypnotics"
10885623844,"Sedatives/hypnotics"
10879268147,"Sedatives/hypnotics"
10875503972,"Sedatives/hypnotics"
10847305299,"Sedatives/hypnotics"
10847199598,"Sedatives/hypnotics"
10844236012,"Sedatives/hypnotics"
10843000999,"Sedatives/hypnotics"
10831792008,"Sedatives/hypnotics"
10822727213,"Sedatives/hypnotics"
10677560387,"Sedatives/hypnotics"
10576876213,"Sedatives/hypnotics"
10572540138,"Sedatives/hypnotics"
10868495105,"Sedatives/hypnotics"
10758288741,"Sedatives/hypnotics"
11250741921,"Muscle relaxants"
11250243595,"Muscle relaxants"
11241395977,"Muscle relaxants"
11241251752,"Muscle relaxants"
11238685800,"Muscle relaxants"
11236750096,"Muscle relaxants"
11215609540,"Muscle relaxants"
11211717848,"Muscle relaxants"
11208627585,"Muscle relaxants"
11166535497,"Muscle relaxants"
11156698544,"Muscle relaxants"
11137664485,"Muscle relaxants"
11135570279,"Muscle relaxants"
11135136344,"Muscle relaxants"
11134708109,"Muscle relaxants"
11134445906,"Muscle relaxants"
11134443636,"Muscle relaxants"
11105188699,"Muscle relaxants"
11102541656,"Muscle relaxants"
11062634752,"Muscle relaxants"
11061878386,"Muscle relaxants"
10985275093,"Muscle relaxants"
10972364151,"Muscle relaxants"
10923325388,"Muscle relaxants"
10893828061,"Muscle relaxants"
10893153651,"Muscle relaxants"
10886504576,"Muscle relaxants"
10883497633,"Muscle relaxants"
10880715177,"Muscle relaxants"
10877565497,"Muscle relaxants"
10876510380,"Muscle relaxants"
10875700450,"Muscle relaxants"
10875511603,"Muscle relaxants"
10875503972,"Muscle relaxants"
10872131442,"Muscle relaxants"
10870148985,"Muscle relaxants"
10868096498,"Muscle relaxants"
10867810520,"Muscle relaxants"
10867615622,"Muscle relaxants"
10860704252,"Muscle relaxants"
10858082192,"Muscle relaxants"
10857725293,"Muscle relaxants"
10856003172,"Muscle relaxants"
10848597634,"Muscle relaxants"
10847312529,"Muscle relaxants"
10847172551,"Muscle relaxants"
10847151018,"Muscle relaxants"
10847042681,"Muscle relaxants"
10847009623,"Muscle relaxants"
10846997868,"Muscle relaxants"
10844338129,"Muscle relaxants"
10844291789,"Muscle relaxants"
10844213348,"Muscle relaxants"
10843797483,"Muscle relaxants"
10843000999,"Muscle relaxants"
10834663571,"Muscle relaxants"
10834332090,"Muscle relaxants"
10834053271,"Muscle relaxants"
10832483530,"Muscle relaxants"
10832343863,"Muscle relaxants"
10832233395,"Muscle relaxants"
10832224616,"Muscle relaxants"
10832173617,"Muscle relaxants"
10831929904,"Muscle relaxants"
10831792008,"Muscle relaxants"
10802360410,"Muscle relaxants"
10726117373,"Muscle relaxants"
10706606981,"Muscle relaxants"
10685524216,"Muscle relaxants"
10682649508,"Muscle relaxants"
10668312322,"Muscle relaxants"
10667369837,"Muscle relaxants"
10660294275,"Muscle relaxants"
10624147163,"Muscle relaxants"
10618149896,"Muscle relaxants"
10604065323,"Muscle relaxants"
10583372838,"Muscle relaxants"
10581940017,"Muscle relaxants"
10578271769,"Muscle relaxants"
10576876213,"Muscle relaxants"
10575849400,"Muscle relaxants"
10575282159,"Muscle relaxants"
10575274340,"Muscle relaxants"
10572540138,"Muscle relaxants"
10868495105,"Muscle relaxants"
10974437681,"Muscle relaxants"
10632499407,"Muscle relaxants"
10583058257,"Muscle relaxants"
11211717848,"Antiemetics"
11062634752,"Antiemetics"
10848597634,"Antiemetics"
10834663571,"Antiemetics"
10622502829,"Antiemetics"
11250741921,"Mood Stabilizers/Anticonvulsants (e.g. Lamictal, Gapapentin, Keppra, Topzmax)"
11239041530,"Mood Stabilizers/Anticonvulsants (e.g. Lamictal, Gapapentin, Keppra, Topzmax)"
11238671751,"Mood Stabilizers/Anticonvulsants (e.g. Lamictal, Gapapentin, Keppra, Topzmax)"
11222559871,"Mood Stabilizers/Anticonvulsants (e.g. Lamictal, Gapapentin, Keppra, Topzmax)"
11211717848,"Mood Stabilizers/Anticonvulsants (e.g. Lamictal, Gapapentin, Keppra, Topzmax)"
11208627585,"Mood Stabilizers/Anticonvulsants (e.g. Lamictal, Gapapentin, Keppra, Topzmax)"
11183903124,"Mood Stabilizers/Anticonvulsants (e.g. Lamictal, Gapapentin, Keppra, Topzmax)"
11181279818,"Mood Stabilizers/Anticonvulsants (e.g. Lamictal, Gapapentin, Keppra, Topzmax)"
11166535497,"Mood Stabilizers/Anticonvulsants (e.g. Lamictal, Gapapentin, Keppra, Topzmax)"
11156548224,"Mood Stabilizers/Anticonvulsants (e.g. Lamictal, Gapapentin, Keppra, Topzmax)"
11134478610,"Mood Stabilizers/Anticonvulsants (e.g. Lamictal, Gapapentin, Keppra, Topzmax)"
11134443636,"Mood Stabilizers/Anticonvulsants (e.g. Lamictal, Gapapentin, Keppra, Topzmax)"
11105188699,"Mood Stabilizers/Anticonvulsants (e.g. Lamictal, Gapapentin, Keppra, Topzmax)"
11100035804,"Mood Stabilizers/Anticonvulsants (e.g. Lamictal, Gapapentin, Keppra, Topzmax)"
11023090140,"Mood Stabilizers/Anticonvulsants (e.g. Lamictal, Gapapentin, Keppra, Topzmax)"
10994464098,"Mood Stabilizers/Anticonvulsants (e.g. Lamictal, Gapapentin, Keppra, Topzmax)"
10978063065,"Mood Stabilizers/Anticonvulsants (e.g. Lamictal, Gapapentin, Keppra, Topzmax)"
10952093942,"Mood Stabilizers/Anticonvulsants (e.g. Lamictal, Gapapentin, Keppra, Topzmax)"
10902224469,"Mood Stabilizers/Anticonvulsants (e.g. Lamictal, Gapapentin, Keppra, Topzmax)"
10893671348,"Mood Stabilizers/Anticonvulsants (e.g. Lamictal, Gapapentin, Keppra, Topzmax)"
10880715177,"Mood Stabilizers/Anticonvulsants (e.g. Lamictal, Gapapentin, Keppra, Topzmax)"
10878214093,"Mood Stabilizers/Anticonvulsants (e.g. Lamictal, Gapapentin, Keppra, Topzmax)"
10877606410,"Mood Stabilizers/Anticonvulsants (e.g. Lamictal, Gapapentin, Keppra, Topzmax)"
10877565497,"Mood Stabilizers/Anticonvulsants (e.g. Lamictal, Gapapentin, Keppra, Topzmax)"
10875511603,"Mood Stabilizers/Anticonvulsants (e.g. Lamictal, Gapapentin, Keppra, Topzmax)"
10875467061,"Mood Stabilizers/Anticonvulsants (e.g. Lamictal, Gapapentin, Keppra, Topzmax)"
10872131442,"Mood Stabilizers/Anticonvulsants (e.g. Lamictal, Gapapentin, Keppra, Topzmax)"
10867810520,"Mood Stabilizers/Anticonvulsants (e.g. Lamictal, Gapapentin, Keppra, Topzmax)"
10863841131,"Mood Stabilizers/Anticonvulsants (e.g. Lamictal, Gapapentin, Keppra, Topzmax)"
10857243738,"Mood Stabilizers/Anticonvulsants (e.g. Lamictal, Gapapentin, Keppra, Topzmax)"
10856003172,"Mood Stabilizers/Anticonvulsants (e.g. Lamictal, Gapapentin, Keppra, Topzmax)"
10847151018,"Mood Stabilizers/Anticonvulsants (e.g. Lamictal, Gapapentin, Keppra, Topzmax)"
10844291789,"Mood Stabilizers/Anticonvulsants (e.g. Lamictal, Gapapentin, Keppra, Topzmax)"
10843803790,"Mood Stabilizers/Anticonvulsants (e.g. Lamictal, Gapapentin, Keppra, Topzmax)"
10833785776,"Mood Stabilizers/Anticonvulsants (e.g. Lamictal, Gapapentin, Keppra, Topzmax)"
10832233224,"Mood Stabilizers/Anticonvulsants (e.g. Lamictal, Gapapentin, Keppra, Topzmax)"
10832224616,"Mood Stabilizers/Anticonvulsants (e.g. Lamictal, Gapapentin, Keppra, Topzmax)"
10831792008,"Mood Stabilizers/Anticonvulsants (e.g. Lamictal, Gapapentin, Keppra, Topzmax)"
10831609109,"Mood Stabilizers/Anticonvulsants (e.g. Lamictal, Gapapentin, Keppra, Topzmax)"
10808168894,"Mood Stabilizers/Anticonvulsants (e.g. Lamictal, Gapapentin, Keppra, Topzmax)"
10802360410,"Mood Stabilizers/Anticonvulsants (e.g. Lamictal, Gapapentin, Keppra, Topzmax)"
10709051382,"Mood Stabilizers/Anticonvulsants (e.g. Lamictal, Gapapentin, Keppra, Topzmax)"
10682649508,"Mood Stabilizers/Anticonvulsants (e.g. Lamictal, Gapapentin, Keppra, Topzmax)"
10676786628,"Mood Stabilizers/Anticonvulsants (e.g. Lamictal, Gapapentin, Keppra, Topzmax)"
10671862630,"Mood Stabilizers/Anticonvulsants (e.g. Lamictal, Gapapentin, Keppra, Topzmax)"
10667369837,"Mood Stabilizers/Anticonvulsants (e.g. Lamictal, Gapapentin, Keppra, Topzmax)"
10660294275,"Mood Stabilizers/Anticonvulsants (e.g. Lamictal, Gapapentin, Keppra, Topzmax)"
10658936778,"Mood Stabilizers/Anticonvulsants (e.g. Lamictal, Gapapentin, Keppra, Topzmax)"
10609850764,"Mood Stabilizers/Anticonvulsants (e.g. Lamictal, Gapapentin, Keppra, Topzmax)"
10605637047,"Mood Stabilizers/Anticonvulsants (e.g. Lamictal, Gapapentin, Keppra, Topzmax)"
10598715725,"Mood Stabilizers/Anticonvulsants (e.g. Lamictal, Gapapentin, Keppra, Topzmax)"
10585520406,"Mood Stabilizers/Anticonvulsants (e.g. Lamictal, Gapapentin, Keppra, Topzmax)"
10578271769,"Mood Stabilizers/Anticonvulsants (e.g. Lamictal, Gapapentin, Keppra, Topzmax)"
10577144137,"Mood Stabilizers/Anticonvulsants (e.g. Lamictal, Gapapentin, Keppra, Topzmax)"
10572540138,"Mood Stabilizers/Anticonvulsants (e.g. Lamictal, Gapapentin, Keppra, Topzmax)"
10566297731,"Mood Stabilizers/Anticonvulsants (e.g. Lamictal, Gapapentin, Keppra, Topzmax)"
10699810522,"Mood Stabilizers/Anticonvulsants (e.g. Lamictal, Gapapentin, Keppra, Topzmax)"
10659241585,"Mood Stabilizers/Anticonvulsants (e.g. Lamictal, Gapapentin, Keppra, Topzmax)"
11151215837,"Mood Stabilizers/Anticonvulsants (e.g. Lamictal, Gapapentin, Keppra, Topzmax)"
10974437681,"Mood Stabilizers/Anticonvulsants (e.g. Lamictal, Gapapentin, Keppra, Topzmax)"
10632499407,"Mood Stabilizers/Anticonvulsants (e.g. Lamictal, Gapapentin, Keppra, Topzmax)"
10632389881,"Mood Stabilizers/Anticonvulsants (e.g. Lamictal, Gapapentin, Keppra, Topzmax)"
10600284760,"Mood Stabilizers/Anticonvulsants (e.g. Lamictal, Gapapentin, Keppra, Topzmax)"
11249491628,"Antimigraine"
11211717848,"Antimigraine"
11208627585,"Antimigraine"
11137664485,"Antimigraine"
11135238481,"Antimigraine"
11134478610,"Antimigraine"
11134445906,"Antimigraine"
11062634752,"Antimigraine"
10893153651,"Antimigraine"
10875700450,"Antimigraine"
10860704252,"Antimigraine"
10844260968,"Antimigraine"
10840899449,"Antimigraine"
10749570344,"Antimigraine"
10706606981,"Antimigraine"
10685524216,"Antimigraine"
10676786628,"Antimigraine"
10595615049,"Antimigraine"
10566297731,"Antimigraine"
11208627585,"Antipsychotics (e.g. Abilify, Seroquel)"
11166535497,"Antipsychotics (e.g. Abilify, Seroquel)"
11135570279,"Antipsychotics (e.g. Abilify, Seroquel)"
11105188699,"Antipsychotics (e.g. Abilify, Seroquel)"
10994464098,"Antipsychotics (e.g. Abilify, Seroquel)"
10875467061,"Antipsychotics (e.g. Abilify, Seroquel)"
10872131442,"Antipsychotics (e.g. Abilify, Seroquel)"
10839396047,"Antipsychotics (e.g. Abilify, Seroquel)"
10832133946,"Antipsychotics (e.g. Abilify, Seroquel)"
10830786742,"Antipsychotics (e.g. Abilify, Seroquel)"
10598715725,"Antipsychotics (e.g. Abilify, Seroquel)"
10572540138,"Antipsychotics (e.g. Abilify, Seroquel)"
10566297731,"Antipsychotics (e.g. Abilify, Seroquel)"
10659241585,"Antipsychotics (e.g. Abilify, Seroquel)"
11044680699,"Antipsychotics (e.g. Abilify, Seroquel)"
11241251752,"Proton pump inhibitors"
11065588769,"Proton pump inhibitors"
11062634752,"Proton pump inhibitors"
10833972658,"Proton pump inhibitors"
10622502829,"Proton pump inhibitors"
10589179962,"Proton pump inhibitors"
10566297731,"Proton pump inhibitors"
11151215837,"Proton pump inhibitors"
10956719648,"Proton pump inhibitors"
10579551441,"Proton pump inhibitors"
11250741921,"I have reduced my prescription medication use in the past"
11250357688,"I have reduced my prescription medication use in the past"
11249911719,"I have reduced my prescription medication use in the past"
11249832802,"I have reduced my prescription medication use in the past"
11239041530,"I have reduced my prescription medication use in the past"
11238774708,"I have reduced my prescription medication use in the past"
11238077963,"I have reduced my prescription medication use in the past"
11208627585,"I have reduced my prescription medication use in the past"
11188216657,"I have reduced my prescription medication use in the past"
11181279818,"I have reduced my prescription medication use in the past"
11170108737,"I have reduced my prescription medication use in the past"
11161813510,"I have reduced my prescription medication use in the past"
11141987359,"I have reduced my prescription medication use in the past"
11141027225,"I have reduced my prescription medication use in the past"
11140569970,"I have reduced my prescription medication use in the past"
11137664485,"I have reduced my prescription medication use in the past"
11136861481,"I have reduced my prescription medication use in the past"
11136798812,"I have reduced my prescription medication use in the past"
11136795358,"I have reduced my prescription medication use in the past"
11135778856,"I have reduced my prescription medication use in the past"
11135570279,"I have reduced my prescription medication use in the past"
11135531344,"I have reduced my prescription medication use in the past"
11135476295,"I have reduced my prescription medication use in the past"
11135317065,"I have reduced my prescription medication use in the past"
11135238481,"I have reduced my prescription medication use in the past"
11135087208,"I have reduced my prescription medication use in the past"
11134531419,"I have reduced my prescription medication use in the past"
11134530007,"I have reduced my prescription medication use in the past"
11134526749,"I have reduced my prescription medication use in the past"
11129003813,"I have reduced my prescription medication use in the past"
11091792560,"I have reduced my prescription medication use in the past"
11076823569,"I have reduced my prescription medication use in the past"
11065479544,"I have reduced my prescription medication use in the past"
11054943670,"I have reduced my prescription medication use in the past"
11054783496,"I have reduced my prescription medication use in the past"
11045739846,"I have reduced my prescription medication use in the past"
11044478649,"I have reduced my prescription medication use in the past"
11036310394,"I have reduced my prescription medication use in the past"
11033502369,"I have reduced my prescription medication use in the past"
11030978965,"I have reduced my prescription medication use in the past"
11006369538,"I have reduced my prescription medication use in the past"
11003496788,"I have reduced my prescription medication use in the past"
10975405385,"I have reduced my prescription medication use in the past"
10902224469,"I have reduced my prescription medication use in the past"
10892827041,"I have reduced my prescription medication use in the past"
10890414342,"I have reduced my prescription medication use in the past"
10886504576,"I have reduced my prescription medication use in the past"
10886185272,"I have reduced my prescription medication use in the past"
10884768912,"I have reduced my prescription medication use in the past"
10882385979,"I have reduced my prescription medication use in the past"
10878214093,"I have reduced my prescription medication use in the past"
10877788133,"I have reduced my prescription medication use in the past"
10877606410,"I have reduced my prescription medication use in the past"
10877478788,"I have reduced my prescription medication use in the past"
10876604101,"I have reduced my prescription medication use in the past"
10876485783,"I have reduced my prescription medication use in the past"
10876392009,"I have reduced my prescription medication use in the past"
10875993925,"I have reduced my prescription medication use in the past"
10875700450,"I have reduced my prescription medication use in the past"
10875530570,"I have reduced my prescription medication use in the past"
10872649413,"I have reduced my prescription medication use in the past"
10870148985,"I have reduced my prescription medication use in the past"
10867812743,"I have reduced my prescription medication use in the past"
10865633390,"I have reduced my prescription medication use in the past"
10864981709,"I have reduced my prescription medication use in the past"
10864900624,"I have reduced my prescription medication use in the past"
10859949104,"I have reduced my prescription medication use in the past"
10857725293,"I have reduced my prescription medication use in the past"
10856003172,"I have reduced my prescription medication use in the past"
10852545455,"I have reduced my prescription medication use in the past"
10851063447,"I have reduced my prescription medication use in the past"
10850929741,"I have reduced my prescription medication use in the past"
10849691686,"I have reduced my prescription medication use in the past"
10849354793,"I have reduced my prescription medication use in the past"
10847826329,"I have reduced my prescription medication use in the past"
10847049077,"I have reduced my prescription medication use in the past"
10847042681,"I have reduced my prescription medication use in the past"
10847038072,"I have reduced my prescription medication use in the past"
10844578211,"I have reduced my prescription medication use in the past"
10844260968,"I have reduced my prescription medication use in the past"
10844223289,"I have reduced my prescription medication use in the past"
10843842634,"I have reduced my prescription medication use in the past"
10843819934,"I have reduced my prescription medication use in the past"
10843815732,"I have reduced my prescription medication use in the past"
10842274754,"I have reduced my prescription medication use in the past"
10842054674,"I have reduced my prescription medication use in the past"
10840899449,"I have reduced my prescription medication use in the past"
10835384840,"I have reduced my prescription medication use in the past"
10834663571,"I have reduced my prescription medication use in the past"
10834416742,"I have reduced my prescription medication use in the past"
10834249218,"I have reduced my prescription medication use in the past"
10834149798,"I have reduced my prescription medication use in the past"
10834053271,"I have reduced my prescription medication use in the past"
10833790283,"I have reduced my prescription medication use in the past"
10833417544,"I have reduced my prescription medication use in the past"
10832963325,"I have reduced my prescription medication use in the past"
10832343863,"I have reduced my prescription medication use in the past"
10832233395,"I have reduced my prescription medication use in the past"
10832206360,"I have reduced my prescription medication use in the past"
10832168862,"I have reduced my prescription medication use in the past"
10831948842,"I have reduced my prescription medication use in the past"
10831792008,"I have reduced my prescription medication use in the past"
10831623393,"I have reduced my prescription medication use in the past"
10823088016,"I have reduced my prescription medication use in the past"
10822875373,"I have reduced my prescription medication use in the past"
10822727213,"I have reduced my prescription medication use in the past"
10756966241,"I have reduced my prescription medication use in the past"
10749222846,"I have reduced my prescription medication use in the past"
10681003613,"I have reduced my prescription medication use in the past"
10677653881,"I have reduced my prescription medication use in the past"
10675806972,"I have reduced my prescription medication use in the past"
10667582585,"I have reduced my prescription medication use in the past"
10667369837,"I have reduced my prescription medication use in the past"
10665891738,"I have reduced my prescription medication use in the past"
10658774056,"I have reduced my prescription medication use in the past"
10658580372,"I have reduced my prescription medication use in the past"
10648772348,"I have reduced my prescription medication use in the past"
10624147163,"I have reduced my prescription medication use in the past"
10615243125,"I have reduced my prescription medication use in the past"
10614375447,"I have reduced my prescription medication use in the past"
10582003543,"I have reduced my prescription medication use in the past"
10577209087,"I have reduced my prescription medication use in the past"
10575282159,"I have reduced my prescription medication use in the past"
10569704133,"I have reduced my prescription medication use in the past"
10568865766,"I have reduced my prescription medication use in the past"
10716623034,"I have reduced my prescription medication use in the past"
10574111964,"I have reduced my prescription medication use in the past"
11213907729,"I have reduced my prescription medication use in the past"
10991821033,"I have reduced my prescription medication use in the past"
10974652472,"I have reduced my prescription medication use in the past"
10625261595,"I have reduced my prescription medication use in the past"
10593527279,"I have reduced my prescription medication use in the past"
10684698263,"I have reduced my prescription medication use in the past"
11249860217,"Other (please specify)"
11220644956,"Other (please specify)"
11135570279,"Other (please specify)"
11135476295,"Other (please specify)"
11135022253,"Other (please specify)"
11134452367,"Other (please specify)"
11134451924,"Other (please specify)"
11076823569,"Other (please specify)"
11061878386,"Other (please specify)"
11050438627,"Other (please specify)"
11045739846,"Other (please specify)"
10892827041,"Other (please specify)"
10886185272,"Other (please specify)"
10877478788,"Other (please specify)"
10876604101,"Other (please specify)"
10876392009,"Other (please specify)"
10859616580,"Other (please specify)"
10856302482,"Other (please specify)"
10847049077,"Other (please specify)"
10844298162,"Other (please specify)"
10844291789,"Other (please specify)"
10844223289,"Other (please specify)"
10843917537,"Other (please specify)"
10841050682,"Other (please specify)"
10835384840,"Other (please specify)"
10833722328,"Other (please specify)"
10832168862,"Other (please specify)"
10832128566,"Other (please specify)"
10831931418,"Other (please specify)"
10831686982,"Other (please specify)"
10831609109,"Other (please specify)"
10763284450,"Other (please specify)"
10681003613,"Other (please specify)"
10658774056,"Other (please specify)"
10658550964,"Other (please specify)"
10605637047,"Other (please specify)"
10600857474,"Other (please specify)"
10589179962,"Other (please specify)"
10593696728,"Other (please specify)"
